Cycle Index,Step Index,Date,Current(mA),Voltage(V),Chg. Cap.(mAh),DChg. Cap.(mAh)
1,1,2026-01-01  00:00:00.0,200.0,2.5049,0.038,0.0
1,1,2026-01-01  00:00:36.0,200.0,2.506,0.076,0.0
1,1,2026-01-01  00:01:12.0,200.0,2.5058,0.114,0.0
1,1,2026-01-01  00:01:48.0,200.0,2.521,0.152,0.0
1,1,2026-01-01  00:02:24.0,200.0,2.519,0.19,0.0
1,1,2026-01-01  00:03:00.0,200.0,2.5296,0.228,0.0
1,1,2026-01-01  00:03:36.0,200.0,2.5384,0.266,0.0
1,1,2026-01-01  00:04:12.0,200.0,2.5526,0.304,0.0
1,1,2026-01-01  00:04:48.0,200.0,2.5598,0.342,0.0
1,1,2026-01-01  00:05:24.0,200.0,2.5793,0.38,0.0
1,1,2026-01-01  00:06:00.0,200.0,2.592,0.418,0.0
1,1,2026-01-01  00:06:36.0,200.0,2.6187,0.456,0.0
1,1,2026-01-01  00:07:12.0,200.0,2.6378,0.494,0.0
1,1,2026-01-01  00:07:48.0,200.0,2.6676,0.532,0.0
1,1,2026-01-01  00:08:24.0,200.0,2.7073,0.57,0.0
1,1,2026-01-01  00:09:00.0,200.0,2.7399,0.608,0.0
1,1,2026-01-01  00:09:36.0,200.0,2.7811,0.646,0.0
1,1,2026-01-01  00:10:12.0,200.0,2.8337,0.684,0.0
1,1,2026-01-01  00:10:48.0,200.0,2.8783,0.722,0.0
1,1,2026-01-01  00:11:24.0,200.0,2.9286,0.76,0.0
1,1,2026-01-01  00:12:00.0,200.0,2.9897,0.798,0.0
1,1,2026-01-01  00:12:36.0,200.0,3.0421,0.836,0.0
1,1,2026-01-01  00:13:12.0,200.0,3.1078,0.874,0.0
1,1,2026-01-01  00:13:48.0,200.0,3.1662,0.912,0.0
1,1,2026-01-01  00:14:24.0,200.0,3.2173,0.95,0.0
1,1,2026-01-01  00:15:00.0,200.0,3.2709,0.988,0.0
1,1,2026-01-01  00:15:36.0,200.0,3.3236,1.026,0.0
1,1,2026-01-01  00:16:12.0,200.0,3.3693,1.064,0.0
1,1,2026-01-01  00:16:48.0,200.0,3.4082,1.102,0.0
1,1,2026-01-01  00:17:24.0,200.0,3.4501,1.14,0.0
1,1,2026-01-01  00:18:00.0,200.0,3.4752,1.178,0.0
1,1,2026-01-01  00:18:36.0,200.0,3.5086,1.216,0.0
1,1,2026-01-01  00:19:12.0,200.0,3.5334,1.254,0.0
1,1,2026-01-01  00:19:48.0,200.0,3.555,1.292,0.0
1,1,2026-01-01  00:20:24.0,200.0,3.5746,1.33,0.0
1,1,2026-01-01  00:21:00.0,200.0,3.5852,1.368,0.0
1,1,2026-01-01  00:21:36.0,200.0,3.6034,1.406,0.0
1,1,2026-01-01  00:22:12.0,200.0,3.6117,1.444,0.0
1,1,2026-01-01  00:22:48.0,200.0,3.6191,1.482,0.0
1,1,2026-01-01  00:23:24.0,200.0,3.6244,1.52,0.0
1,1,2026-01-01  00:24:00.0,200.0,3.631,1.558,0.0
1,1,2026-01-01  00:24:36.0,200.0,3.6407,1.596,0.0
1,1,2026-01-01  00:25:12.0,200.0,3.6409,1.634,0.0
1,1,2026-01-01  00:25:48.0,200.0,3.6474,1.672,0.0
1,1,2026-01-01  00:26:24.0,200.0,3.6532,1.71,0.0
1,2,2026-01-01  00:27:00.0,-200.0,3.6503,0.0,0.0375
1,2,2026-01-01  00:27:36.0,-200.0,3.6484,0.0,0.0751
1,2,2026-01-01  00:28:12.0,-200.0,3.6387,0.0,0.1126
1,2,2026-01-01  00:28:48.0,-200.0,3.6313,0.0,0.1502
1,2,2026-01-01  00:29:24.0,-200.0,3.6315,0.0,0.1877
1,2,2026-01-01  00:30:00.0,-200.0,3.622,0.0,0.2253
1,2,2026-01-01  00:30:36.0,-200.0,3.6156,0.0,0.2628
1,2,2026-01-01  00:31:12.0,-200.0,3.6016,0.0,0.3004
1,2,2026-01-01  00:31:48.0,-200.0,3.5925,0.0,0.3379
1,2,2026-01-01  00:32:24.0,-200.0,3.5763,0.0,0.3754
1,2,2026-01-01  00:33:00.0,-200.0,3.5579,0.0,0.413
1,2,2026-01-01  00:33:36.0,-200.0,3.5361,0.0,0.4505
1,2,2026-01-01  00:34:12.0,-200.0,3.5111,0.0,0.4881
1,2,2026-01-01  00:34:48.0,-200.0,3.482,0.0,0.5256
1,2,2026-01-01  00:35:24.0,-200.0,3.4491,0.0,0.5632
1,2,2026-01-01  00:36:00.0,-200.0,3.4141,0.0,0.6007
1,2,2026-01-01  00:36:36.0,-200.0,3.3677,0.0,0.6382
1,2,2026-01-01  00:37:12.0,-200.0,3.3282,0.0,0.6758
1,2,2026-01-01  00:37:48.0,-200.0,3.2724,0.0,0.7133
1,2,2026-01-01  00:38:24.0,-200.0,3.2219,0.0,0.7509
1,2,2026-01-01  00:39:00.0,-200.0,3.1623,0.0,0.7884
1,2,2026-01-01  00:39:36.0,-200.0,3.1036,0.0,0.826
1,2,2026-01-01  00:40:12.0,-200.0,3.0517,0.0,0.8635
1,2,2026-01-01  00:40:48.0,-200.0,2.9865,0.0,0.9011
1,2,2026-01-01  00:41:24.0,-200.0,2.9272,0.0,0.9386
1,2,2026-01-01  00:42:00.0,-200.0,2.8751,0.0,0.9761
1,2,2026-01-01  00:42:36.0,-200.0,2.826,0.0,1.0137
1,2,2026-01-01  00:43:12.0,-200.0,2.7872,0.0,1.0512
1,2,2026-01-01  00:43:48.0,-200.0,2.7395,0.0,1.0888
1,2,2026-01-01  00:44:24.0,-200.0,2.7044,0.0,1.1263
1,2,2026-01-01  00:45:00.0,-200.0,2.6657,0.0,1.1639
1,2,2026-01-01  00:45:36.0,-200.0,2.6411,0.0,1.2014
1,2,2026-01-01  00:46:12.0,-200.0,2.6174,0.0,1.239
1,2,2026-01-01  00:46:48.0,-200.0,2.5996,0.0,1.2765
1,2,2026-01-01  00:47:24.0,-200.0,2.5742,0.0,1.314
1,2,2026-01-01  00:48:00.0,-200.0,2.5629,0.0,1.3516
1,2,2026-01-01  00:48:36.0,-200.0,2.5493,0.0,1.3891
1,2,2026-01-01  00:49:12.0,-200.0,2.5347,0.0,1.4267
1,2,2026-01-01  00:49:48.0,-200.0,2.5288,0.0,1.4642
1,2,2026-01-01  00:50:24.0,-200.0,2.5208,0.0,1.5018
1,2,2026-01-01  00:51:00.0,-200.0,2.5085,0.0,1.5393
1,2,2026-01-01  00:51:36.0,-200.0,2.5122,0.0,1.5768
1,2,2026-01-01  00:52:12.0,-200.0,2.5079,0.0,1.6144
1,2,2026-01-01  00:52:48.0,-200.0,2.5015,0.0,1.6519
1,2,2026-01-01  00:53:24.0,-200.0,2.496,0.0,1.6895
2,3,2026-01-01  00:54:00.0,200.0,2.5073,0.0378,0.0
2,3,2026-01-01  00:54:36.0,200.0,2.507,0.0755,0.0
2,3,2026-01-01  00:55:12.0,200.0,2.5135,0.1133,0.0
2,3,2026-01-01  00:55:48.0,200.0,2.5197,0.1511,0.0
2,3,2026-01-01  00:56:24.0,200.0,2.52,0.1889,0.0
2,3,2026-01-01  00:57:00.0,200.0,2.5313,0.2266,0.0
2,3,2026-01-01  00:57:36.0,200.0,2.537,0.2644,0.0
2,3,2026-01-01  00:58:12.0,200.0,2.5482,0.3022,0.0
2,3,2026-01-01  00:58:48.0,200.0,2.5609,0.3399,0.0
2,3,2026-01-01  00:59:24.0,200.0,2.5763,0.3777,0.0
2,3,2026-01-01  01:00:00.0,200.0,2.5976,0.4155,0.0
2,3,2026-01-01  01:00:36.0,200.0,2.6157,0.4533,0.0
2,3,2026-01-01  01:01:12.0,200.0,2.6396,0.491,0.0
2,3,2026-01-01  01:01:48.0,200.0,2.6679,0.5288,0.0
2,3,2026-01-01  01:02:24.0,200.0,2.7026,0.5666,0.0
2,3,2026-01-01  01:03:00.0,200.0,2.7362,0.6044,0.0
2,3,2026-01-01  01:03:36.0,200.0,2.7792,0.6421,0.0
2,3,2026-01-01  01:04:12.0,200.0,2.8268,0.6799,0.0
2,3,2026-01-01  01:04:48.0,200.0,2.8755,0.7177,0.0
2,3,2026-01-01  01:05:24.0,200.0,2.9307,0.7554,0.0
2,3,2026-01-01  01:06:00.0,200.0,2.9856,0.7932,0.0
2,3,2026-01-01  01:06:36.0,200.0,3.0516,0.831,0.0
2,3,2026-01-01  01:07:12.0,200.0,3.1084,0.8688,0.0
2,3,2026-01-01  01:07:48.0,200.0,3.1639,0.9065,0.0
2,3,2026-01-01  01:08:24.0,200.0,3.2188,0.9443,0.0
2,3,2026-01-01  01:09:00.0,200.0,3.2793,0.9821,0.0
2,3,2026-01-01  01:09:36.0,200.0,3.324,1.0198,0.0
2,3,2026-01-01  01:10:12.0,200.0,3.369,1.0576,0.0
2,3,2026-01-01  01:10:48.0,200.0,3.412,1.0954,0.0
2,3,2026-01-01  01:11:24.0,200.0,3.4493,1.1332,0.0
2,3,2026-01-01  01:12:00.0,200.0,3.4855,1.1709,0.0
2,3,2026-01-01  01:12:36.0,200.0,3.5099,1.2087,0.0
2,3,2026-01-01  01:13:12.0,200.0,3.5409,1.2465,0.0
2,3,2026-01-01  01:13:48.0,200.0,3.5531,1.2842,0.0
2,3,2026-01-01  01:14:24.0,200.0,3.5758,1.322,0.0
2,3,2026-01-01  01:15:00.0,200.0,3.5859,1.3598,0.0
2,3,2026-01-01  01:15:36.0,200.0,3.607,1.3976,0.0
2,3,2026-01-01  01:16:12.0,200.0,3.6112,1.4353,0.0
2,3,2026-01-01  01:16:48.0,200.0,3.6209,1.4731,0.0
2,3,2026-01-01  01:17:24.0,200.0,3.6312,1.5109,0.0
2,3,2026-01-01  01:18:00.0,200.0,3.6383,1.5487,0.0
2,3,2026-01-01  01:18:36.0,200.0,3.6363,1.5864,0.0
2,3,2026-01-01  01:19:12.0,200.0,3.6427,1.6242,0.0
2,3,2026-01-01  01:19:48.0,200.0,3.643,1.662,0.0
2,3,2026-01-01  01:20:24.0,200.0,3.6504,1.6997,0.0
2,4,2026-01-01  01:21:00.0,-200.0,3.6469,0.0,0.0373
2,4,2026-01-01  01:21:36.0,-200.0,3.6427,0.0,0.0746
2,4,2026-01-01  01:22:12.0,-200.0,3.6375,0.0,0.112
2,4,2026-01-01  01:22:48.0,-200.0,3.6334,0.0,0.1493
2,4,2026-01-01  01:23:24.0,-200.0,3.6262,0.0,0.1866
2,4,2026-01-01  01:24:00.0,-200.0,3.6227,0.0,0.2239
2,4,2026-01-01  01:24:36.0,-200.0,3.6168,0.0,0.2612
2,4,2026-01-01  01:25:12.0,-200.0,3.5958,0.0,0.2985
2,4,2026-01-01  01:25:48.0,-200.0,3.5885,0.0,0.3359
2,4,2026-01-01  01:26:24.0,-200.0,3.5725,0.0,0.3732
2,4,2026-01-01  01:27:00.0,-200.0,3.5573,0.0,0.4105
2,4,2026-01-01  01:27:36.0,-200.0,3.5318,0.0,0.4478
2,4,2026-01-01  01:28:12.0,-200.0,3.5095,0.0,0.4851
2,4,2026-01-01  01:28:48.0,-200.0,3.4782,0.0,0.5225
2,4,2026-01-01  01:29:24.0,-200.0,3.4505,0.0,0.5598
2,4,2026-01-01  01:30:00.0,-200.0,3.4114,0.0,0.5971
2,4,2026-01-01  01:30:36.0,-200.0,3.3688,0.0,0.6344
2,4,2026-01-01  01:31:12.0,-200.0,3.3242,0.0,0.6717
2,4,2026-01-01  01:31:48.0,-200.0,3.272,0.0,0.7091
2,4,2026-01-01  01:32:24.0,-200.0,3.2143,0.0,0.7464
2,4,2026-01-01  01:33:00.0,-200.0,3.1643,0.0,0.7837
2,4,2026-01-01  01:33:36.0,-200.0,3.1052,0.0,0.821
2,4,2026-01-01  01:34:12.0,-200.0,3.0452,0.0,0.8583
2,4,2026-01-01  01:34:48.0,-200.0,2.9904,0.0,0.8956
2,4,2026-01-01  01:35:24.0,-200.0,2.9347,0.0,0.933
2,4,2026-01-01  01:36:00.0,-200.0,2.874,0.0,0.9703
2,4,2026-01-01  01:36:36.0,-200.0,2.8246,0.0,1.0076
2,4,2026-01-01  01:37:12.0,-200.0,2.7854,0.0,1.0449
2,4,2026-01-01  01:37:48.0,-200.0,2.7432,0.0,1.0822
2,4,2026-01-01  01:38:24.0,-200.0,2.6994,0.0,1.1196
2,4,2026-01-01  01:39:00.0,-200.0,2.6652,0.0,1.1569
2,4,2026-01-01  01:39:36.0,-200.0,2.6382,0.0,1.1942
2,4,2026-01-01  01:40:12.0,-200.0,2.6139,0.0,1.2315
2,4,2026-01-01  01:40:48.0,-200.0,2.5895,0.0,1.2688
2,4,2026-01-01  01:41:24.0,-200.0,2.5764,0.0,1.3062
2,4,2026-01-01  01:42:00.0,-200.0,2.5573,0.0,1.3435
2,4,2026-01-01  01:42:36.0,-200.0,2.5448,0.0,1.3808
2,4,2026-01-01  01:43:12.0,-200.0,2.5405,0.0,1.4181
2,4,2026-01-01  01:43:48.0,-200.0,2.5269,0.0,1.4554
2,4,2026-01-01  01:44:24.0,-200.0,2.5213,0.0,1.4927
2,4,2026-01-01  01:45:00.0,-200.0,2.5173,0.0,1.5301
2,4,2026-01-01  01:45:36.0,-200.0,2.5128,0.0,1.5674
2,4,2026-01-01  01:46:12.0,-200.0,2.5052,0.0,1.6047
2,4,2026-01-01  01:46:48.0,-200.0,2.503,0.0,1.642
2,4,2026-01-01  01:47:24.0,-200.0,2.4975,0.0,1.6793
3,5,2026-01-01  01:48:00.0,200.0,2.5081,0.0375,0.0
3,5,2026-01-01  01:48:36.0,200.0,2.5082,0.0751,0.0
3,5,2026-01-01  01:49:12.0,200.0,2.5071,0.1126,0.0
3,5,2026-01-01  01:49:48.0,200.0,2.5155,0.1502,0.0
3,5,2026-01-01  01:50:24.0,200.0,2.5237,0.1877,0.0
3,5,2026-01-01  01:51:00.0,200.0,2.5303,0.2253,0.0
3,5,2026-01-01  01:51:36.0,200.0,2.5433,0.2628,0.0
3,5,2026-01-01  01:52:12.0,200.0,2.5525,0.3004,0.0
3,5,2026-01-01  01:52:48.0,200.0,2.5595,0.3379,0.0
3,5,2026-01-01  01:53:24.0,200.0,2.576,0.3754,0.0
3,5,2026-01-01  01:54:00.0,200.0,2.5904,0.413,0.0
3,5,2026-01-01  01:54:36.0,200.0,2.6161,0.4505,0.0
3,5,2026-01-01  01:55:12.0,200.0,2.6405,0.4881,0.0
3,5,2026-01-01  01:55:48.0,200.0,2.6768,0.5256,0.0
3,5,2026-01-01  01:56:24.0,200.0,2.7019,0.5632,0.0
3,5,2026-01-01  01:57:00.0,200.0,2.7326,0.6007,0.0
3,5,2026-01-01  01:57:36.0,200.0,2.7787,0.6382,0.0
3,5,2026-01-01  01:58:12.0,200.0,2.8273,0.6758,0.0
3,5,2026-01-01  01:58:48.0,200.0,2.8735,0.7133,0.0
3,5,2026-01-01  01:59:24.0,200.0,2.9284,0.7509,0.0
3,5,2026-01-01  02:00:00.0,200.0,2.9864,0.7884,0.0
3,5,2026-01-01  02:00:36.0,200.0,3.0467,0.826,0.0
3,5,2026-01-01  02:01:12.0,200.0,3.1039,0.8635,0.0
3,5,2026-01-01  02:01:48.0,200.0,3.1599,0.9011,0.0
3,5,2026-01-01  02:02:24.0,200.0,3.2214,0.9386,0.0
3,5,2026-01-01  02:03:00.0,200.0,3.2711,0.9761,0.0
3,5,2026-01-01  02:03:36.0,200.0,3.3215,1.0137,0.0
3,5,2026-01-01  02:04:12.0,200.0,3.3651,1.0512,0.0
3,5,2026-01-01  02:04:48.0,200.0,3.4087,1.0888,0.0
3,5,2026-01-01  02:05:24.0,200.0,3.4504,1.1263,0.0
3,5,2026-01-01  02:06:00.0,200.0,3.4764,1.1639,0.0
3,5,2026-01-01  02:06:36.0,200.0,3.5097,1.2014,0.0
3,5,2026-01-01  02:07:12.0,200.0,3.5368,1.239,0.0
3,5,2026-01-01  02:07:48.0,200.0,3.5546,1.2765,0.0
3,5,2026-01-01  02:08:24.0,200.0,3.5744,1.314,0.0
3,5,2026-01-01  02:09:00.0,200.0,3.5855,1.3516,0.0
3,5,2026-01-01  02:09:36.0,200.0,3.6055,1.3891,0.0
3,5,2026-01-01  02:10:12.0,200.0,3.6155,1.4267,0.0
3,5,2026-01-01  02:10:48.0,200.0,3.6218,1.4642,0.0
3,5,2026-01-01  02:11:24.0,200.0,3.6232,1.5018,0.0
3,5,2026-01-01  02:12:00.0,200.0,3.6314,1.5393,0.0
3,5,2026-01-01  02:12:36.0,200.0,3.6425,1.5768,0.0
3,5,2026-01-01  02:13:12.0,200.0,3.6489,1.6144,0.0
3,5,2026-01-01  02:13:48.0,200.0,3.6481,1.6519,0.0
3,5,2026-01-01  02:14:24.0,200.0,3.6537,1.6895,0.0
3,6,2026-01-01  02:15:00.0,-200.0,3.6454,0.0,0.0371
3,6,2026-01-01  02:15:36.0,-200.0,3.6432,0.0,0.0742
3,6,2026-01-01  02:16:12.0,-200.0,3.6396,0.0,0.1113
3,6,2026-01-01  02:16:48.0,-200.0,3.6358,0.0,0.1484
3,6,2026-01-01  02:17:24.0,-200.0,3.6239,0.0,0.1855
3,6,2026-01-01  02:18:00.0,-200.0,3.6239,0.0,0.2226
3,6,2026-01-01  02:18:36.0,-200.0,3.6162,0.0,0.2597
3,6,2026-01-01  02:19:12.0,-200.0,3.5981,0.0,0.2967
3,6,2026-01-01  02:19:48.0,-200.0,3.5848,0.0,0.3338
3,6,2026-01-01  02:20:24.0,-200.0,3.5748,0.0,0.3709
3,6,2026-01-01  02:21:00.0,-200.0,3.5538,0.0,0.408
3,6,2026-01-01  02:21:36.0,-200.0,3.5275,0.0,0.4451
3,6,2026-01-01  02:22:12.0,-200.0,3.5124,0.0,0.4822
3,6,2026-01-01  02:22:48.0,-200.0,3.4818,0.0,0.5193
3,6,2026-01-01  02:23:24.0,-200.0,3.447,0.0,0.5564
3,6,2026-01-01  02:24:00.0,-200.0,3.4174,0.0,0.5935
3,6,2026-01-01  02:24:36.0,-200.0,3.3697,0.0,0.6306
3,6,2026-01-01  02:25:12.0,-200.0,3.3208,0.0,0.6677
3,6,2026-01-01  02:25:48.0,-200.0,3.2731,0.0,0.7048
3,6,2026-01-01  02:26:24.0,-200.0,3.2159,0.0,0.7419
3,6,2026-01-01  02:27:00.0,-200.0,3.1602,0.0,0.779
3,6,2026-01-01  02:27:36.0,-200.0,3.1055,0.0,0.8161
3,6,2026-01-01  02:28:12.0,-200.0,3.044,0.0,0.8531
3,6,2026-01-01  02:28:48.0,-200.0,2.9861,0.0,0.8902
3,6,2026-01-01  02:29:24.0,-200.0,2.936,0.0,0.9273
3,6,2026-01-01  02:30:00.0,-200.0,2.8798,0.0,0.9644
3,6,2026-01-01  02:30:36.0,-200.0,2.8294,0.0,1.0015
3,6,2026-01-01  02:31:12.0,-200.0,2.7823,0.0,1.0386
3,6,2026-01-01  02:31:48.0,-200.0,2.7404,0.0,1.0757
3,6,2026-01-01  02:32:24.0,-200.0,2.706,0.0,1.1128
3,6,2026-01-01  02:33:00.0,-200.0,2.6686,0.0,1.1499
3,6,2026-01-01  02:33:36.0,-200.0,2.6456,0.0,1.187
3,6,2026-01-01  02:34:12.0,-200.0,2.6125,0.0,1.2241
3,6,2026-01-01  02:34:48.0,-200.0,2.5935,0.0,1.2612
3,6,2026-01-01  02:35:24.0,-200.0,2.5721,0.0,1.2983
3,6,2026-01-01  02:36:00.0,-200.0,2.5601,0.0,1.3354
3,6,2026-01-01  02:36:36.0,-200.0,2.55,0.0,1.3725
3,6,2026-01-01  02:37:12.0,-200.0,2.5421,0.0,1.4096
3,6,2026-01-01  02:37:48.0,-200.0,2.5269,0.0,1.4466
3,6,2026-01-01  02:38:24.0,-200.0,2.5216,0.0,1.4837
3,6,2026-01-01  02:39:00.0,-200.0,2.5144,0.0,1.5208
3,6,2026-01-01  02:39:36.0,-200.0,2.5082,0.0,1.5579
3,6,2026-01-01  02:40:12.0,-200.0,2.5027,0.0,1.595
3,6,2026-01-01  02:40:48.0,-200.0,2.503,0.0,1.6321
3,6,2026-01-01  02:41:24.0,-200.0,2.4948,0.0,1.6692
4,7,2026-01-01  02:42:00.0,200.0,2.5032,0.0373,0.0
4,7,2026-01-01  02:42:36.0,200.0,2.5063,0.0746,0.0
4,7,2026-01-01  02:43:12.0,200.0,2.5084,0.1119,0.0
4,7,2026-01-01  02:43:48.0,200.0,2.5124,0.1493,0.0
4,7,2026-01-01  02:44:24.0,200.0,2.5174,0.1866,0.0
4,7,2026-01-01  02:45:00.0,200.0,2.5345,0.2239,0.0
4,7,2026-01-01  02:45:36.0,200.0,2.5337,0.2612,0.0
4,7,2026-01-01  02:46:12.0,200.0,2.5531,0.2985,0.0
4,7,2026-01-01  02:46:48.0,200.0,2.5629,0.3358,0.0
4,7,2026-01-01  02:47:24.0,200.0,2.5752,0.3732,0.0
4,7,2026-01-01  02:48:00.0,200.0,2.5908,0.4105,0.0
4,7,2026-01-01  02:48:36.0,200.0,2.6185,0.4478,0.0
4,7,2026-01-01  02:49:12.0,200.0,2.6453,0.4851,0.0
4,7,2026-01-01  02:49:48.0,200.0,2.6659,0.5224,0.0
4,7,2026-01-01  02:50:24.0,200.0,2.7007,0.5597,0.0
4,7,2026-01-01  02:51:00.0,200.0,2.7421,0.5971,0.0
4,7,2026-01-01  02:51:36.0,200.0,2.7817,0.6344,0.0
4,7,2026-01-01  02:52:12.0,200.0,2.833,0.6717,0.0
4,7,2026-01-01  02:52:48.0,200.0,2.8755,0.709,0.0
4,7,2026-01-01  02:53:24.0,200.0,2.9326,0.7463,0.0
4,7,2026-01-01  02:54:00.0,200.0,2.9837,0.7836,0.0
4,7,2026-01-01  02:54:36.0,200.0,3.0519,0.821,0.0
4,7,2026-01-01  02:55:12.0,200.0,3.1022,0.8583,0.0
4,7,2026-01-01  02:55:48.0,200.0,3.1559,0.8956,0.0
4,7,2026-01-01  02:56:24.0,200.0,3.2186,0.9329,0.0
4,7,2026-01-01  02:57:00.0,200.0,3.2723,0.9702,0.0
4,7,2026-01-01  02:57:36.0,200.0,3.3288,1.0075,0.0
4,7,2026-01-01  02:58:12.0,200.0,3.3682,1.0448,0.0
4,7,2026-01-01  02:58:48.0,200.0,3.4111,1.0822,0.0
4,7,2026-01-01  02:59:24.0,200.0,3.4502,1.1195,0.0
4,7,2026-01-01  03:00:00.0,200.0,3.4861,1.1568,0.0
4,7,2026-01-01  03:00:36.0,200.0,3.5097,1.1941,0.0
4,7,2026-01-01  03:01:12.0,200.0,3.5378,1.2314,0.0
4,7,2026-01-01  03:01:48.0,200.0,3.5573,1.2687,0.0
4,7,2026-01-01  03:02:24.0,200.0,3.5728,1.3061,0.0
4,7,2026-01-01  03:03:00.0,200.0,3.5891,1.3434,0.0
4,7,2026-01-01  03:03:36.0,200.0,3.6017,1.3807,0.0
4,7,2026-01-01  03:04:12.0,200.0,3.6095,1.418,0.0
4,7,2026-01-01  03:04:48.0,200.0,3.6247,1.4553,0.0
4,7,2026-01-01  03:05:24.0,200.0,3.6243,1.4926,0.0
4,7,2026-01-01  03:06:00.0,200.0,3.6381,1.53,0.0
4,7,2026-01-01  03:06:36.0,200.0,3.6425,1.5673,0.0
4,7,2026-01-01  03:07:12.0,200.0,3.6435,1.6046,0.0
4,7,2026-01-01  03:07:48.0,200.0,3.6449,1.6419,0.0
4,7,2026-01-01  03:08:24.0,200.0,3.6493,1.6792,0.0
4,8,2026-01-01  03:09:00.0,-200.0,3.6486,0.0,0.0369
4,8,2026-01-01  03:09:36.0,-200.0,3.646,0.0,0.0737
4,8,2026-01-01  03:10:12.0,-200.0,3.6405,0.0,0.1106
4,8,2026-01-01  03:10:48.0,-200.0,3.6375,0.0,0.1475
4,8,2026-01-01  03:11:24.0,-200.0,3.6268,0.0,0.1843
4,8,2026-01-01  03:12:00.0,-200.0,3.6218,0.0,0.2212
4,8,2026-01-01  03:12:36.0,-200.0,3.6075,0.0,0.2581
4,8,2026-01-01  03:13:12.0,-200.0,3.6039,0.0,0.2949
4,8,2026-01-01  03:13:48.0,-200.0,3.5893,0.0,0.3318
4,8,2026-01-01  03:14:24.0,-200.0,3.5725,0.0,0.3687
4,8,2026-01-01  03:15:00.0,-200.0,3.5593,0.0,0.4056
4,8,2026-01-01  03:15:36.0,-200.0,3.5367,0.0,0.4424
4,8,2026-01-01  03:16:12.0,-200.0,3.5015,0.0,0.4793
4,8,2026-01-01  03:16:48.0,-200.0,3.4814,0.0,0.5162
4,8,2026-01-01  03:17:24.0,-200.0,3.4441,0.0,0.553
4,8,2026-01-01  03:18:00.0,-200.0,3.4143,0.0,0.5899
4,8,2026-01-01  03:18:36.0,-200.0,3.3767,0.0,0.6268
4,8,2026-01-01  03:19:12.0,-200.0,3.3215,0.0,0.6636
4,8,2026-01-01  03:19:48.0,-200.0,3.273,0.0,0.7005
4,8,2026-01-01  03:20:24.0,-200.0,3.2182,0.0,0.7374
4,8,2026-01-01  03:21:00.0,-200.0,3.1636,0.0,0.7742
4,8,2026-01-01  03:21:36.0,-200.0,3.1063,0.0,0.8111
4,8,2026-01-01  03:22:12.0,-200.0,3.0495,0.0,0.848
4,8,2026-01-01  03:22:48.0,-200.0,2.9845,0.0,0.8848
4,8,2026-01-01  03:23:24.0,-200.0,2.9357,0.0,0.9217
4,8,2026-01-01  03:24:00.0,-200.0,2.8744,0.0,0.9586
4,8,2026-01-01  03:24:36.0,-200.0,2.8278,0.0,0.9954
4,8,2026-01-01  03:25:12.0,-200.0,2.7842,0.0,1.0323
4,8,2026-01-01  03:25:48.0,-200.0,2.741,0.0,1.0692
4,8,2026-01-01  03:26:24.0,-200.0,2.6988,0.0,1.106
4,8,2026-01-01  03:27:00.0,-200.0,2.6666,0.0,1.1429
4,8,2026-01-01  03:27:36.0,-200.0,2.6387,0.0,1.1798
4,8,2026-01-01  03:28:12.0,-200.0,2.6152,0.0,1.2167
4,8,2026-01-01  03:28:48.0,-200.0,2.5977,0.0,1.2535
4,8,2026-01-01  03:29:24.0,-200.0,2.5724,0.0,1.2904
4,8,2026-01-01  03:30:00.0,-200.0,2.5625,0.0,1.3273
4,8,2026-01-01  03:30:36.0,-200.0,2.5502,0.0,1.3641
4,8,2026-01-01  03:31:12.0,-200.0,2.5394,0.0,1.401
4,8,2026-01-01  03:31:48.0,-200.0,2.5303,0.0,1.4379
4,8,2026-01-01  03:32:24.0,-200.0,2.5261,0.0,1.4747
4,8,2026-01-01  03:33:00.0,-200.0,2.5169,0.0,1.5116
4,8,2026-01-01  03:33:36.0,-200.0,2.513,0.0,1.5485
4,8,2026-01-01  03:34:12.0,-200.0,2.5079,0.0,1.5853
4,8,2026-01-01  03:34:48.0,-200.0,2.5082,0.0,1.6222
4,8,2026-01-01  03:35:24.0,-200.0,2.4943,0.0,1.6591
5,9,2026-01-01  03:36:00.0,200.0,2.5067,0.0371,0.0
5,9,2026-01-01  03:36:36.0,200.0,2.5055,0.0742,0.0
5,9,2026-01-01  03:37:12.0,200.0,2.5096,0.1113,0.0
5,9,2026-01-01  03:37:48.0,200.0,2.5125,0.1484,0.0
5,9,2026-01-01  03:38:24.0,200.0,2.5159,0.1854,0.0
5,9,2026-01-01  03:39:00.0,200.0,2.5278,0.2225,0.0
5,9,2026-01-01  03:39:36.0,200.0,2.5357,0.2596,0.0
5,9,2026-01-01  03:40:12.0,200.0,2.5499,0.2967,0.0
5,9,2026-01-01  03:40:48.0,200.0,2.5567,0.3338,0.0
5,9,2026-01-01  03:41:24.0,200.0,2.5806,0.3709,0.0
5,9,2026-01-01  03:42:00.0,200.0,2.595,0.408,0.0
5,9,2026-01-01  03:42:36.0,200.0,2.6146,0.4451,0.0
5,9,2026-01-01  03:43:12.0,200.0,2.6379,0.4821,0.0
5,9,2026-01-01  03:43:48.0,200.0,2.6663,0.5192,0.0
5,9,2026-01-01  03:44:24.0,200.0,2.6982,0.5563,0.0
5,9,2026-01-01  03:45:00.0,200.0,2.7373,0.5934,0.0
5,9,2026-01-01  03:45:36.0,200.0,2.7808,0.6305,0.0
5,9,2026-01-01  03:46:12.0,200.0,2.8264,0.6676,0.0
5,9,2026-01-01  03:46:48.0,200.0,2.873,0.7047,0.0
5,9,2026-01-01  03:47:24.0,200.0,2.9302,0.7418,0.0
5,9,2026-01-01  03:48:00.0,200.0,2.9848,0.7788,0.0
5,9,2026-01-01  03:48:36.0,200.0,3.0461,0.8159,0.0
5,9,2026-01-01  03:49:12.0,200.0,3.11,0.853,0.0
5,9,2026-01-01  03:49:48.0,200.0,3.1644,0.8901,0.0
5,9,2026-01-01  03:50:24.0,200.0,3.2181,0.9272,0.0
5,9,2026-01-01  03:51:00.0,200.0,3.2679,0.9643,0.0
5,9,2026-01-01  03:51:36.0,200.0,3.3188,1.0014,0.0
5,9,2026-01-01  03:52:12.0,200.0,3.3642,1.0385,0.0
5,9,2026-01-01  03:52:48.0,200.0,3.4133,1.0756,0.0
5,9,2026-01-01  03:53:24.0,200.0,3.4461,1.1126,0.0
5,9,2026-01-01  03:54:00.0,200.0,3.4815,1.1497,0.0
5,9,2026-01-01  03:54:36.0,200.0,3.5081,1.1868,0.0
5,9,2026-01-01  03:55:12.0,200.0,3.5349,1.2239,0.0
5,9,2026-01-01  03:55:48.0,200.0,3.56,1.261,0.0
5,9,2026-01-01  03:56:24.0,200.0,3.5717,1.2981,0.0
5,9,2026-01-01  03:57:00.0,200.0,3.5878,1.3352,0.0
5,9,2026-01-01  03:57:36.0,200.0,3.5992,1.3723,0.0
5,9,2026-01-01  03:58:12.0,200.0,3.6149,1.4093,0.0
5,9,2026-01-01  03:58:48.0,200.0,3.618,1.4464,0.0
5,9,2026-01-01  03:59:24.0,200.0,3.6251,1.4835,0.0
5,9,2026-01-01  04:00:00.0,200.0,3.6304,1.5206,0.0
5,9,2026-01-01  04:00:36.0,200.0,3.6354,1.5577,0.0
5,9,2026-01-01  04:01:12.0,200.0,3.6452,1.5948,0.0
5,9,2026-01-01  04:01:48.0,200.0,3.6549,1.6319,0.0
5,9,2026-01-01  04:02:24.0,200.0,3.647,1.669,0.0
5,10,2026-01-01  04:03:00.0,-200.0,3.65,0.0,0.0366
5,10,2026-01-01  04:03:36.0,-200.0,3.6445,0.0,0.0733
5,10,2026-01-01  04:04:12.0,-200.0,3.6363,0.0,0.1099
5,10,2026-01-01  04:04:48.0,-200.0,3.6337,0.0,0.1466
5,10,2026-01-01  04:05:24.0,-200.0,3.6278,0.0,0.1832
5,10,2026-01-01  04:06:00.0,-200.0,3.619,0.0,0.2199
5,10,2026-01-01  04:06:36.0,-200.0,3.618,0.0,0.2565
5,10,2026-01-01  04:07:12.0,-200.0,3.5959,0.0,0.2931
5,10,2026-01-01  04:07:48.0,-200.0,3.59,0.0,0.3298
5,10,2026-01-01  04:08:24.0,-200.0,3.5747,0.0,0.3664
5,10,2026-01-01  04:09:00.0,-200.0,3.554,0.0,0.4031
5,10,2026-01-01  04:09:36.0,-200.0,3.5351,0.0,0.4397
5,10,2026-01-01  04:10:12.0,-200.0,3.5126,0.0,0.4764
5,10,2026-01-01  04:10:48.0,-200.0,3.4818,0.0,0.513
5,10,2026-01-01  04:11:24.0,-200.0,3.4497,0.0,0.5496
5,10,2026-01-01  04:12:00.0,-200.0,3.4132,0.0,0.5863
5,10,2026-01-01  04:12:36.0,-200.0,3.3632,0.0,0.6229
5,10,2026-01-01  04:13:12.0,-200.0,3.3275,0.0,0.6596
5,10,2026-01-01  04:13:48.0,-200.0,3.2796,0.0,0.6962
5,10,2026-01-01  04:14:24.0,-200.0,3.2219,0.0,0.7329
5,10,2026-01-01  04:15:00.0,-200.0,3.1656,0.0,0.7695
5,10,2026-01-01  04:15:36.0,-200.0,3.1001,0.0,0.8061
5,10,2026-01-01  04:16:12.0,-200.0,3.0453,0.0,0.8428
5,10,2026-01-01  04:16:48.0,-200.0,2.985,0.0,0.8794
5,10,2026-01-01  04:17:24.0,-200.0,2.9292,0.0,0.9161
5,10,2026-01-01  04:18:00.0,-200.0,2.8801,0.0,0.9527
5,10,2026-01-01  04:18:36.0,-200.0,2.8245,0.0,0.9894
5,10,2026-01-01  04:19:12.0,-200.0,2.7803,0.0,1.026
5,10,2026-01-01  04:19:48.0,-200.0,2.7332,0.0,1.0626
5,10,2026-01-01  04:20:24.0,-200.0,2.7011,0.0,1.0993
5,10,2026-01-01  04:21:00.0,-200.0,2.669,0.0,1.1359
5,10,2026-01-01  04:21:36.0,-200.0,2.638,0.0,1.1726
5,10,2026-01-01  04:22:12.0,-200.0,2.6132,0.0,1.2092
5,10,2026-01-01  04:22:48.0,-200.0,2.5999,0.0,1.2459
5,10,2026-01-01  04:23:24.0,-200.0,2.5726,0.0,1.2825
5,10,2026-01-01  04:24:00.0,-200.0,2.558,0.0,1.3191
5,10,2026-01-01  04:24:36.0,-200.0,2.546,0.0,1.3558
5,10,2026-01-01  04:25:12.0,-200.0,2.5414,0.0,1.3924
5,10,2026-01-01  04:25:48.0,-200.0,2.5352,0.0,1.4291
5,10,2026-01-01  04:26:24.0,-200.0,2.5225,0.0,1.4657
5,10,2026-01-01  04:27:00.0,-200.0,2.5133,0.0,1.5024
5,10,2026-01-01  04:27:36.0,-200.0,2.5091,0.0,1.539
5,10,2026-01-01  04:28:12.0,-200.0,2.5094,0.0,1.5756
5,10,2026-01-01  04:28:48.0,-200.0,2.5001,0.0,1.6123
5,10,2026-01-01  04:29:24.0,-200.0,2.5044,0.0,1.6489
6,11,2026-01-01  04:30:00.0,200.0,2.5071,0.0369,0.0
6,11,2026-01-01  04:30:36.0,200.0,2.5065,0.0737,0.0
6,11,2026-01-01  04:31:12.0,200.0,2.5123,0.1106,0.0
6,11,2026-01-01  04:31:48.0,200.0,2.5177,0.1474,0.0
6,11,2026-01-01  04:32:24.0,200.0,2.5262,0.1843,0.0
6,11,2026-01-01  04:33:00.0,200.0,2.5258,0.2212,0.0
6,11,2026-01-01  04:33:36.0,200.0,2.5413,0.258,0.0
6,11,2026-01-01  04:34:12.0,200.0,2.5473,0.2949,0.0
6,11,2026-01-01  04:34:48.0,200.0,2.5588,0.3317,0.0
6,11,2026-01-01  04:35:24.0,200.0,2.5766,0.3686,0.0
6,11,2026-01-01  04:36:00.0,200.0,2.5936,0.4055,0.0
6,11,2026-01-01  04:36:36.0,200.0,2.6124,0.4423,0.0
6,11,2026-01-01  04:37:12.0,200.0,2.6353,0.4792,0.0
6,11,2026-01-01  04:37:48.0,200.0,2.6659,0.516,0.0
6,11,2026-01-01  04:38:24.0,200.0,2.7059,0.5529,0.0
6,11,2026-01-01  04:39:00.0,200.0,2.7448,0.5898,0.0
6,11,2026-01-01  04:39:36.0,200.0,2.7827,0.6266,0.0
6,11,2026-01-01  04:40:12.0,200.0,2.8305,0.6635,0.0
6,11,2026-01-01  04:40:48.0,200.0,2.8757,0.7003,0.0
6,11,2026-01-01  04:41:24.0,200.0,2.9308,0.7372,0.0
6,11,2026-01-01  04:42:00.0,200.0,2.9883,0.7741,0.0
6,11,2026-01-01  04:42:36.0,200.0,3.0424,0.8109,0.0
6,11,2026-01-01  04:43:12.0,200.0,3.1014,0.8478,0.0
6,11,2026-01-01  04:43:48.0,200.0,3.1628,0.8846,0.0
6,11,2026-01-01  04:44:24.0,200.0,3.218,0.9215,0.0
6,11,2026-01-01  04:45:00.0,200.0,3.2696,0.9584,0.0
6,11,2026-01-01  04:45:36.0,200.0,3.3242,0.9952,0.0
6,11,2026-01-01  04:46:12.0,200.0,3.3685,1.0321,0.0
6,11,2026-01-01  04:46:48.0,200.0,3.4142,1.0689,0.0
6,11,2026-01-01  04:47:24.0,200.0,3.4484,1.1058,0.0
6,11,2026-01-01  04:48:00.0,200.0,3.4804,1.1427,0.0
6,11,2026-01-01  04:48:36.0,200.0,3.5103,1.1795,0.0
6,11,2026-01-01  04:49:12.0,200.0,3.5341,1.2164,0.0
6,11,2026-01-01  04:49:48.0,200.0,3.5538,1.2532,0.0
6,11,2026-01-01  04:50:24.0,200.0,3.5725,1.2901,0.0
6,11,2026-01-01  04:51:00.0,200.0,3.5911,1.327,0.0
6,11,2026-01-01  04:51:36.0,200.0,3.6035,1.3638,0.0
6,11,2026-01-01  04:52:12.0,200.0,3.6161,1.4007,0.0
6,11,2026-01-01  04:52:48.0,200.0,3.616,1.4375,0.0
6,11,2026-01-01  04:53:24.0,200.0,3.6273,1.4744,0.0
6,11,2026-01-01  04:54:00.0,200.0,3.6333,1.5113,0.0
6,11,2026-01-01  04:54:36.0,200.0,3.6401,1.5481,0.0
6,11,2026-01-01  04:55:12.0,200.0,3.6424,1.585,0.0
6,11,2026-01-01  04:55:48.0,200.0,3.6456,1.6218,0.0
6,11,2026-01-01  04:56:24.0,200.0,3.6523,1.6587,0.0
6,12,2026-01-01  04:57:00.0,-200.0,3.6477,0.0,0.0364
6,12,2026-01-01  04:57:36.0,-200.0,3.6403,0.0,0.0728
6,12,2026-01-01  04:58:12.0,-200.0,3.6436,0.0,0.1093
6,12,2026-01-01  04:58:48.0,-200.0,3.6375,0.0,0.1457
6,12,2026-01-01  04:59:24.0,-200.0,3.6267,0.0,0.1821
6,12,2026-01-01  05:00:00.0,-200.0,3.6236,0.0,0.2185
6,12,2026-01-01  05:00:36.0,-200.0,3.61,0.0,0.2549
6,12,2026-01-01  05:01:12.0,-200.0,3.605,0.0,0.2913
6,12,2026-01-01  05:01:48.0,-200.0,3.5882,0.0,0.3278
6,12,2026-01-01  05:02:24.0,-200.0,3.5713,0.0,0.3642
6,12,2026-01-01  05:03:00.0,-200.0,3.5547,0.0,0.4006
6,12,2026-01-01  05:03:36.0,-200.0,3.5323,0.0,0.437
6,12,2026-01-01  05:04:12.0,-200.0,3.5105,0.0,0.4734
6,12,2026-01-01  05:04:48.0,-200.0,3.4818,0.0,0.5098
6,12,2026-01-01  05:05:24.0,-200.0,3.4485,0.0,0.5463
6,12,2026-01-01  05:06:00.0,-200.0,3.4094,0.0,0.5827
6,12,2026-01-01  05:06:36.0,-200.0,3.3583,0.0,0.6191
6,12,2026-01-01  05:07:12.0,-200.0,3.3233,0.0,0.6555
6,12,2026-01-01  05:07:48.0,-200.0,3.2671,0.0,0.6919
6,12,2026-01-01  05:08:24.0,-200.0,3.2197,0.0,0.7284
6,12,2026-01-01  05:09:00.0,-200.0,3.1659,0.0,0.7648
6,12,2026-01-01  05:09:36.0,-200.0,3.1052,0.0,0.8012
6,12,2026-01-01  05:10:12.0,-200.0,3.0445,0.0,0.8376
6,12,2026-01-01  05:10:48.0,-200.0,2.9869,0.0,0.874
6,12,2026-01-01  05:11:24.0,-200.0,2.9306,0.0,0.9104
6,12,2026-01-01  05:12:00.0,-200.0,2.8756,0.0,0.9469
6,12,2026-01-01  05:12:36.0,-200.0,2.8252,0.0,0.9833
6,12,2026-01-01  05:13:12.0,-200.0,2.778,0.0,1.0197
6,12,2026-01-01  05:13:48.0,-200.0,2.7425,0.0,1.0561
6,12,2026-01-01  05:14:24.0,-200.0,2.7015,0.0,1.0925
6,12,2026-01-01  05:15:00.0,-200.0,2.6716,0.0,1.1289
6,12,2026-01-01  05:15:36.0,-200.0,2.6393,0.0,1.1654
6,12,2026-01-01  05:16:12.0,-200.0,2.6156,0.0,1.2018
6,12,2026-01-01  05:16:48.0,-200.0,2.5937,0.0,1.2382
6,12,2026-01-01  05:17:24.0,-200.0,2.5777,0.0,1.2746
6,12,2026-01-01  05:18:00.0,-200.0,2.5636,0.0,1.311
6,12,2026-01-01  05:18:36.0,-200.0,2.5491,0.0,1.3475
6,12,2026-01-01  05:19:12.0,-200.0,2.5357,0.0,1.3839
6,12,2026-01-01  05:19:48.0,-200.0,2.5266,0.0,1.4203
6,12,2026-01-01  05:20:24.0,-200.0,2.5265,0.0,1.4567
6,12,2026-01-01  05:21:00.0,-200.0,2.5146,0.0,1.4931
6,12,2026-01-01  05:21:36.0,-200.0,2.5095,0.0,1.5295
6,12,2026-01-01  05:22:12.0,-200.0,2.5106,0.0,1.566
6,12,2026-01-01  05:22:48.0,-200.0,2.5061,0.0,1.6024
6,12,2026-01-01  05:23:24.0,-200.0,2.5016,0.0,1.6388
7,13,2026-01-01  05:24:00.0,200.0,2.5016,0.0366,0.0
7,13,2026-01-01  05:24:36.0,200.0,2.5133,0.0733,0.0
7,13,2026-01-01  05:25:12.0,200.0,2.5116,0.1099,0.0
7,13,2026-01-01  05:25:48.0,200.0,2.5171,0.1465,0.0
7,13,2026-01-01  05:26:24.0,200.0,2.521,0.1832,0.0
7,13,2026-01-01  05:27:00.0,200.0,2.5247,0.2198,0.0
7,13,2026-01-01  05:27:36.0,200.0,2.5338,0.2564,0.0
7,13,2026-01-01  05:28:12.0,200.0,2.5496,0.2931,0.0
7,13,2026-01-01  05:28:48.0,200.0,2.5623,0.3297,0.0
7,13,2026-01-01  05:29:24.0,200.0,2.5756,0.3663,0.0
7,13,2026-01-01  05:30:00.0,200.0,2.5907,0.403,0.0
7,13,2026-01-01  05:30:36.0,200.0,2.611,0.4396,0.0
7,13,2026-01-01  05:31:12.0,200.0,2.6391,0.4762,0.0
7,13,2026-01-01  05:31:48.0,200.0,2.6643,0.5128,0.0
7,13,2026-01-01  05:32:24.0,200.0,2.7043,0.5495,0.0
7,13,2026-01-01  05:33:00.0,200.0,2.7424,0.5861,0.0
7,13,2026-01-01  05:33:36.0,200.0,2.7892,0.6227,0.0
7,13,2026-01-01  05:34:12.0,200.0,2.8296,0.6594,0.0
7,13,2026-01-01  05:34:48.0,200.0,2.8755,0.696,0.0
7,13,2026-01-01  05:35:24.0,200.0,2.9284,0.7326,0.0
7,13,2026-01-01  05:36:00.0,200.0,2.9771,0.7693,0.0
7,13,2026-01-01  05:36:36.0,200.0,3.0438,0.8059,0.0
7,13,2026-01-01  05:37:12.0,200.0,3.1038,0.8425,0.0
7,13,2026-01-01  05:37:48.0,200.0,3.1654,0.8792,0.0
7,13,2026-01-01  05:38:24.0,200.0,3.2208,0.9158,0.0
7,13,2026-01-01  05:39:00.0,200.0,3.2745,0.9524,0.0
7,13,2026-01-01  05:39:36.0,200.0,3.3237,0.9891,0.0
7,13,2026-01-01  05:40:12.0,200.0,3.3712,1.0257,0.0
7,13,2026-01-01  05:40:48.0,200.0,3.4154,1.0623,0.0
7,13,2026-01-01  05:41:24.0,200.0,3.4452,1.099,0.0
7,13,2026-01-01  05:42:00.0,200.0,3.4799,1.1356,0.0
7,13,2026-01-01  05:42:36.0,200.0,3.5058,1.1722,0.0
7,13,2026-01-01  05:43:12.0,200.0,3.5395,1.2089,0.0
7,13,2026-01-01  05:43:48.0,200.0,3.5597,1.2455,0.0
7,13,2026-01-01  05:44:24.0,200.0,3.576,1.2821,0.0
7,13,2026-01-01  05:45:00.0,200.0,3.5853,1.3188,0.0
7,13,2026-01-01  05:45:36.0,200.0,3.6021,1.3554,0.0
7,13,2026-01-01  05:46:12.0,200.0,3.6115,1.392,0.0
7,13,2026-01-01  05:46:48.0,200.0,3.6213,1.4286,0.0
7,13,2026-01-01  05:47:24.0,200.0,3.6279,1.4653,0.0
7,13,2026-01-01  05:48:00.0,200.0,3.6361,1.5019,0.0
7,13,2026-01-01  05:48:36.0,200.0,3.6384,1.5385,0.0
7,13,2026-01-01  05:49:12.0,200.0,3.6463,1.5752,0.0
7,13,2026-01-01  05:49:48.0,200.0,3.6479,1.6118,0.0
7,13,2026-01-01  05:50:24.0,200.0,3.6491,1.6484,0.0
7,14,2026-01-01  05:51:00.0,-200.0,3.6468,0.0,0.0362
7,14,2026-01-01  05:51:36.0,-200.0,3.6424,0.0,0.0724
7,14,2026-01-01  05:52:12.0,-200.0,3.642,0.0,0.1086
7,14,2026-01-01  05:52:48.0,-200.0,3.6337,0.0,0.1448
7,14,2026-01-01  05:53:24.0,-200.0,3.6293,0.0,0.181
7,14,2026-01-01  05:54:00.0,-200.0,3.6199,0.0,0.2172
7,14,2026-01-01  05:54:36.0,-200.0,3.6078,0.0,0.2533
7,14,2026-01-01  05:55:12.0,-200.0,3.6043,0.0,0.2895
7,14,2026-01-01  05:55:48.0,-200.0,3.5857,0.0,0.3257
7,14,2026-01-01  05:56:24.0,-200.0,3.5758,0.0,0.3619
7,14,2026-01-01  05:57:00.0,-200.0,3.557,0.0,0.3981
7,14,2026-01-01  05:57:36.0,-200.0,3.5297,0.0,0.4343
7,14,2026-01-01  05:58:12.0,-200.0,3.5071,0.0,0.4705
7,14,2026-01-01  05:58:48.0,-200.0,3.4798,0.0,0.5067
7,14,2026-01-01  05:59:24.0,-200.0,3.446,0.0,0.5429
7,14,2026-01-01  06:00:00.0,-200.0,3.4075,0.0,0.5791
7,14,2026-01-01  06:00:36.0,-200.0,3.3715,0.0,0.6153
7,14,2026-01-01  06:01:12.0,-200.0,3.3223,0.0,0.6515
7,14,2026-01-01  06:01:48.0,-200.0,3.2739,0.0,0.6877
7,14,2026-01-01  06:02:24.0,-200.0,3.2177,0.0,0.7238
7,14,2026-01-01  06:03:00.0,-200.0,3.1634,0.0,0.76
7,14,2026-01-01  06:03:36.0,-200.0,3.1021,0.0,0.7962
7,14,2026-01-01  06:04:12.0,-200.0,3.0455,0.0,0.8324
7,14,2026-01-01  06:04:48.0,-200.0,2.9892,0.0,0.8686
7,14,2026-01-01  06:05:24.0,-200.0,2.9311,0.0,0.9048
7,14,2026-01-01  06:06:00.0,-200.0,2.8759,0.0,0.941
7,14,2026-01-01  06:06:36.0,-200.0,2.8237,0.0,0.9772
7,14,2026-01-01  06:07:12.0,-200.0,2.7812,0.0,1.0134
7,14,2026-01-01  06:07:48.0,-200.0,2.7399,0.0,1.0496
7,14,2026-01-01  06:08:24.0,-200.0,2.7008,0.0,1.0858
7,14,2026-01-01  06:09:00.0,-200.0,2.6664,0.0,1.122
7,14,2026-01-01  06:09:36.0,-200.0,2.6417,0.0,1.1582
7,14,2026-01-01  06:10:12.0,-200.0,2.6228,0.0,1.1943
7,14,2026-01-01  06:10:48.0,-200.0,2.5933,0.0,1.2305
7,14,2026-01-01  06:11:24.0,-200.0,2.5773,0.0,1.2667
7,14,2026-01-01  06:12:00.0,-200.0,2.5623,0.0,1.3029
7,14,2026-01-01  06:12:36.0,-200.0,2.5407,0.0,1.3391
7,14,2026-01-01  06:13:12.0,-200.0,2.5381,0.0,1.3753
7,14,2026-01-01  06:13:48.0,-200.0,2.5268,0.0,1.4115
7,14,2026-01-01  06:14:24.0,-200.0,2.5257,0.0,1.4477
7,14,2026-01-01  06:15:00.0,-200.0,2.5147,0.0,1.4839
7,14,2026-01-01  06:15:36.0,-200.0,2.5081,0.0,1.5201
7,14,2026-01-01  06:16:12.0,-200.0,2.5056,0.0,1.5563
7,14,2026-01-01  06:16:48.0,-200.0,2.5033,0.0,1.5925
7,14,2026-01-01  06:17:24.0,-200.0,2.4983,0.0,1.6287
8,15,2026-01-01  06:18:00.0,200.0,2.5027,0.0364,0.0
8,15,2026-01-01  06:18:36.0,200.0,2.5022,0.0728,0.0
8,15,2026-01-01  06:19:12.0,200.0,2.5097,0.1092,0.0
8,15,2026-01-01  06:19:48.0,200.0,2.5178,0.1456,0.0
8,15,2026-01-01  06:20:24.0,200.0,2.5275,0.182,0.0
8,15,2026-01-01  06:21:00.0,200.0,2.531,0.2184,0.0
8,15,2026-01-01  06:21:36.0,200.0,2.5386,0.2548,0.0
8,15,2026-01-01  06:22:12.0,200.0,2.552,0.2912,0.0
8,15,2026-01-01  06:22:48.0,200.0,2.5642,0.3276,0.0
8,15,2026-01-01  06:23:24.0,200.0,2.5813,0.364,0.0
8,15,2026-01-01  06:24:00.0,200.0,2.5975,0.4004,0.0
8,15,2026-01-01  06:24:36.0,200.0,2.615,0.4368,0.0
8,15,2026-01-01  06:25:12.0,200.0,2.6408,0.4733,0.0
8,15,2026-01-01  06:25:48.0,200.0,2.6692,0.5097,0.0
8,15,2026-01-01  06:26:24.0,200.0,2.7025,0.5461,0.0
8,15,2026-01-01  06:27:00.0,200.0,2.7395,0.5825,0.0
8,15,2026-01-01  06:27:36.0,200.0,2.7784,0.6189,0.0
8,15,2026-01-01  06:28:12.0,200.0,2.8206,0.6553,0.0
8,15,2026-01-01  06:28:48.0,200.0,2.8752,0.6917,0.0
8,15,2026-01-01  06:29:24.0,200.0,2.9249,0.7281,0.0
8,15,2026-01-01  06:30:00.0,200.0,2.9877,0.7645,0.0
8,15,2026-01-01  06:30:36.0,200.0,3.0456,0.8009,0.0
8,15,2026-01-01  06:31:12.0,200.0,3.0993,0.8373,0.0
8,15,2026-01-01  06:31:48.0,200.0,3.1646,0.8737,0.0
8,15,2026-01-01  06:32:24.0,200.0,3.2216,0.9101,0.0
8,15,2026-01-01  06:33:00.0,200.0,3.273,0.9465,0.0
8,15,2026-01-01  06:33:36.0,200.0,3.328,0.9829,0.0
8,15,2026-01-01  06:34:12.0,200.0,3.3749,1.0193,0.0
8,15,2026-01-01  06:34:48.0,200.0,3.4075,1.0557,0.0
8,15,2026-01-01  06:35:24.0,200.0,3.4515,1.0921,0.0
8,15,2026-01-01  06:36:00.0,200.0,3.4826,1.1285,0.0
8,15,2026-01-01  06:36:36.0,200.0,3.5112,1.1649,0.0
8,15,2026-01-01  06:37:12.0,200.0,3.5374,1.2013,0.0
8,15,2026-01-01  06:37:48.0,200.0,3.5536,1.2377,0.0
8,15,2026-01-01  06:38:24.0,200.0,3.5719,1.2741,0.0
8,15,2026-01-01  06:39:00.0,200.0,3.5864,1.3105,0.0
8,15,2026-01-01  06:39:36.0,200.0,3.5993,1.3469,0.0
8,15,2026-01-01  06:40:12.0,200.0,3.6119,1.3834,0.0
8,15,2026-01-01  06:40:48.0,200.0,3.6167,1.4198,0.0
8,15,2026-01-01  06:41:24.0,200.0,3.6253,1.4562,0.0
8,15,2026-01-01  06:42:00.0,200.0,3.6363,1.4926,0.0
8,15,2026-01-01  06:42:36.0,200.0,3.6394,1.529,0.0
8,15,2026-01-01  06:43:12.0,200.0,3.6449,1.5654,0.0
8,15,2026-01-01  06:43:48.0,200.0,3.6415,1.6018,0.0
8,15,2026-01-01  06:44:24.0,200.0,3.6476,1.6382,0.0
8,16,2026-01-01  06:45:00.0,-200.0,3.6455,0.0,0.036
8,16,2026-01-01  06:45:36.0,-200.0,3.6438,0.0,0.0719
8,16,2026-01-01  06:46:12.0,-200.0,3.6378,0.0,0.1079
8,16,2026-01-01  06:46:48.0,-200.0,3.6373,0.0,0.1439
8,16,2026-01-01  06:47:24.0,-200.0,3.6283,0.0,0.1798
8,16,2026-01-01  06:48:00.0,-200.0,3.6211,0.0,0.2158
8,16,2026-01-01  06:48:36.0,-200.0,3.6123,0.0,0.2518
8,16,2026-01-01  06:49:12.0,-200.0,3.6037,0.0,0.2877
8,16,2026-01-01  06:49:48.0,-200.0,3.5875,0.0,0.3237
8,16,2026-01-01  06:50:24.0,-200.0,3.5771,0.0,0.3597
8,16,2026-01-01  06:51:00.0,-200.0,3.5572,0.0,0.3956
8,16,2026-01-01  06:51:36.0,-200.0,3.5351,0.0,0.4316
8,16,2026-01-01  06:52:12.0,-200.0,3.5101,0.0,0.4676
8,16,2026-01-01  06:52:48.0,-200.0,3.4829,0.0,0.5035
8,16,2026-01-01  06:53:24.0,-200.0,3.4515,0.0,0.5395
8,16,2026-01-01  06:54:00.0,-200.0,3.4139,0.0,0.5755
8,16,2026-01-01  06:54:36.0,-200.0,3.3704,0.0,0.6114
8,16,2026-01-01  06:55:12.0,-200.0,3.3257,0.0,0.6474
8,16,2026-01-01  06:55:48.0,-200.0,3.2731,0.0,0.6834
8,16,2026-01-01  06:56:24.0,-200.0,3.2227,0.0,0.7193
8,16,2026-01-01  06:57:00.0,-200.0,3.1625,0.0,0.7553
8,16,2026-01-01  06:57:36.0,-200.0,3.0981,0.0,0.7913
8,16,2026-01-01  06:58:12.0,-200.0,3.0496,0.0,0.8272
8,16,2026-01-01  06:58:48.0,-200.0,2.9878,0.0,0.8632
8,16,2026-01-01  06:59:24.0,-200.0,2.9275,0.0,0.8992
8,16,2026-01-01  07:00:00.0,-200.0,2.8766,0.0,0.9351
8,16,2026-01-01  07:00:36.0,-200.0,2.8243,0.0,0.9711
8,16,2026-01-01  07:01:12.0,-200.0,2.787,0.0,1.0071
8,16,2026-01-01  07:01:48.0,-200.0,2.7404,0.0,1.043
8,16,2026-01-01  07:02:24.0,-200.0,2.6969,0.0,1.079
8,16,2026-01-01  07:03:00.0,-200.0,2.6703,0.0,1.115
8,16,2026-01-01  07:03:36.0,-200.0,2.6389,0.0,1.1509
8,16,2026-01-01  07:04:12.0,-200.0,2.6211,0.0,1.1869
8,16,2026-01-01  07:04:48.0,-200.0,2.5911,0.0,1.2229
8,16,2026-01-01  07:05:24.0,-200.0,2.5695,0.0,1.2589
8,16,2026-01-01  07:06:00.0,-200.0,2.5613,0.0,1.2948
8,16,2026-01-01  07:06:36.0,-200.0,2.5474,0.0,1.3308
8,16,2026-01-01  07:07:12.0,-200.0,2.5365,0.0,1.3668
8,16,2026-01-01  07:07:48.0,-200.0,2.5225,0.0,1.4027
8,16,2026-01-01  07:08:24.0,-200.0,2.5228,0.0,1.4387
8,16,2026-01-01  07:09:00.0,-200.0,2.5205,0.0,1.4747
8,16,2026-01-01  07:09:36.0,-200.0,2.5047,0.0,1.5106
8,16,2026-01-01  07:10:12.0,-200.0,2.5098,0.0,1.5466
8,16,2026-01-01  07:10:48.0,-200.0,2.5011,0.0,1.5826
8,16,2026-01-01  07:11:24.0,-200.0,2.507,0.0,1.6185
9,17,2026-01-01  07:12:00.0,200.0,2.5041,0.0362,0.0
9,17,2026-01-01  07:12:36.0,200.0,2.5057,0.0724,0.0
9,17,2026-01-01  07:13:12.0,200.0,2.5137,0.1085,0.0
9,17,2026-01-01  07:13:48.0,200.0,2.517,0.1447,0.0
9,17,2026-01-01  07:14:24.0,200.0,2.5198,0.1809,0.0
9,17,2026-01-01  07:15:00.0,200.0,2.531,0.2171,0.0
9,17,2026-01-01  07:15:36.0,200.0,2.5362,0.2532,0.0
9,17,2026-01-01  07:16:12.0,200.0,2.543,0.2894,0.0
9,17,2026-01-01  07:16:48.0,200.0,2.5672,0.3256,0.0
9,17,2026-01-01  07:17:24.0,200.0,2.5752,0.3618,0.0
9,17,2026-01-01  07:18:00.0,200.0,2.5924,0.3979,0.0
9,17,2026-01-01  07:18:36.0,200.0,2.6164,0.4341,0.0
9,17,2026-01-01  07:19:12.0,200.0,2.6354,0.4703,0.0
9,17,2026-01-01  07:19:48.0,200.0,2.6646,0.5065,0.0
9,17,2026-01-01  07:20:24.0,200.0,2.7001,0.5426,0.0
9,17,2026-01-01  07:21:00.0,200.0,2.7373,0.5788,0.0
9,17,2026-01-01  07:21:36.0,200.0,2.781,0.615,0.0
9,17,2026-01-01  07:22:12.0,200.0,2.8303,0.6512,0.0
9,17,2026-01-01  07:22:48.0,200.0,2.8758,0.6873,0.0
9,17,2026-01-01  07:23:24.0,200.0,2.9325,0.7235,0.0
9,17,2026-01-01  07:24:00.0,200.0,2.9893,0.7597,0.0
9,17,2026-01-01  07:24:36.0,200.0,3.0424,0.7959,0.0
9,17,2026-01-01  07:25:12.0,200.0,3.1051,0.832,0.0
9,17,2026-01-01  07:25:48.0,200.0,3.1597,0.8682,0.0
9,17,2026-01-01  07:26:24.0,200.0,3.2222,0.9044,0.0
9,17,2026-01-01  07:27:00.0,200.0,3.2741,0.9406,0.0
9,17,2026-01-01  07:27:36.0,200.0,3.3231,0.9768,0.0
9,17,2026-01-01  07:28:12.0,200.0,3.3652,1.0129,0.0
9,17,2026-01-01  07:28:48.0,200.0,3.4114,1.0491,0.0
9,17,2026-01-01  07:29:24.0,200.0,3.4461,1.0853,0.0
9,17,2026-01-01  07:30:00.0,200.0,3.4834,1.1215,0.0
9,17,2026-01-01  07:30:36.0,200.0,3.5096,1.1576,0.0
9,17,2026-01-01  07:31:12.0,200.0,3.5322,1.1938,0.0
9,17,2026-01-01  07:31:48.0,200.0,3.5585,1.23,0.0
9,17,2026-01-01  07:32:24.0,200.0,3.5759,1.2662,0.0
9,17,2026-01-01  07:33:00.0,200.0,3.5871,1.3023,0.0
9,17,2026-01-01  07:33:36.0,200.0,3.6051,1.3385,0.0
9,17,2026-01-01  07:34:12.0,200.0,3.6113,1.3747,0.0
9,17,2026-01-01  07:34:48.0,200.0,3.6202,1.4109,0.0
9,17,2026-01-01  07:35:24.0,200.0,3.6288,1.447,0.0
9,17,2026-01-01  07:36:00.0,200.0,3.6323,1.4832,0.0
9,17,2026-01-01  07:36:36.0,200.0,3.6383,1.5194,0.0
9,17,2026-01-01  07:37:12.0,200.0,3.6433,1.5556,0.0
9,17,2026-01-01  07:37:48.0,200.0,3.6518,1.5917,0.0
9,17,2026-01-01  07:38:24.0,200.0,3.6545,1.6279,0.0
9,18,2026-01-01  07:39:00.0,-200.0,3.6464,0.0,0.0357
9,18,2026-01-01  07:39:36.0,-200.0,3.6486,0.0,0.0715
9,18,2026-01-01  07:40:12.0,-200.0,3.6395,0.0,0.1072
9,18,2026-01-01  07:40:48.0,-200.0,3.6357,0.0,0.143
9,18,2026-01-01  07:41:24.0,-200.0,3.6311,0.0,0.1787
9,18,2026-01-01  07:42:00.0,-200.0,3.622,0.0,0.2145
9,18,2026-01-01  07:42:36.0,-200.0,3.6195,0.0,0.2502
9,18,2026-01-01  07:43:12.0,-200.0,3.6023,0.0,0.2859
9,18,2026-01-01  07:43:48.0,-200.0,3.5853,0.0,0.3217
9,18,2026-01-01  07:44:24.0,-200.0,3.5776,0.0,0.3574
9,18,2026-01-01  07:45:00.0,-200.0,3.5545,0.0,0.3932
9,18,2026-01-01  07:45:36.0,-200.0,3.5337,0.0,0.4289
9,18,2026-01-01  07:46:12.0,-200.0,3.501,0.0,0.4646
9,18,2026-01-01  07:46:48.0,-200.0,3.4843,0.0,0.5004
9,18,2026-01-01  07:47:24.0,-200.0,3.4509,0.0,0.5361
9,18,2026-01-01  07:48:00.0,-200.0,3.4135,0.0,0.5719
9,18,2026-01-01  07:48:36.0,-200.0,3.3722,0.0,0.6076
9,18,2026-01-01  07:49:12.0,-200.0,3.3281,0.0,0.6434
9,18,2026-01-01  07:49:48.0,-200.0,3.2726,0.0,0.6791
9,18,2026-01-01  07:50:24.0,-200.0,3.2218,0.0,0.7148
9,18,2026-01-01  07:51:00.0,-200.0,3.1603,0.0,0.7506
9,18,2026-01-01  07:51:36.0,-200.0,3.1033,0.0,0.7863
9,18,2026-01-01  07:52:12.0,-200.0,3.0488,0.0,0.8221
9,18,2026-01-01  07:52:48.0,-200.0,2.9886,0.0,0.8578
9,18,2026-01-01  07:53:24.0,-200.0,2.927,0.0,0.8935
9,18,2026-01-01  07:54:00.0,-200.0,2.8783,0.0,0.9293
9,18,2026-01-01  07:54:36.0,-200.0,2.8264,0.0,0.965
9,18,2026-01-01  07:55:12.0,-200.0,2.7783,0.0,1.0008
9,18,2026-01-01  07:55:48.0,-200.0,2.7402,0.0,1.0365
9,18,2026-01-01  07:56:24.0,-200.0,2.7004,0.0,1.0723
9,18,2026-01-01  07:57:00.0,-200.0,2.664,0.0,1.108
9,18,2026-01-01  07:57:36.0,-200.0,2.6367,0.0,1.1437
9,18,2026-01-01  07:58:12.0,-200.0,2.6207,0.0,1.1795
9,18,2026-01-01  07:58:48.0,-200.0,2.5897,0.0,1.2152
9,18,2026-01-01  07:59:24.0,-200.0,2.5769,0.0,1.251
9,18,2026-01-01  08:00:00.0,-200.0,2.563,0.0,1.2867
9,18,2026-01-01  08:00:36.0,-200.0,2.5503,0.0,1.3224
9,18,2026-01-01  08:01:12.0,-200.0,2.5341,0.0,1.3582
9,18,2026-01-01  08:01:48.0,-200.0,2.5279,0.0,1.3939
9,18,2026-01-01  08:02:24.0,-200.0,2.522,0.0,1.4297
9,18,2026-01-01  08:03:00.0,-200.0,2.5179,0.0,1.4654
9,18,2026-01-01  08:03:36.0,-200.0,2.5085,0.0,1.5012
9,18,2026-01-01  08:04:12.0,-200.0,2.5028,0.0,1.5369
9,18,2026-01-01  08:04:48.0,-200.0,2.5058,0.0,1.5726
9,18,2026-01-01  08:05:24.0,-200.0,2.5033,0.0,1.6084
10,19,2026-01-01  08:06:00.0,200.0,2.5039,0.0359,0.0
10,19,2026-01-01  08:06:36.0,200.0,2.5044,0.0719,0.0
10,19,2026-01-01  08:07:12.0,200.0,2.5116,0.1078,0.0
10,19,2026-01-01  08:07:48.0,200.0,2.5158,0.1438,0.0
10,19,2026-01-01  08:08:24.0,200.0,2.5241,0.1797,0.0
10,19,2026-01-01  08:09:00.0,200.0,2.5252,0.2157,0.0
10,19,2026-01-01  08:09:36.0,200.0,2.5381,0.2516,0.0
10,19,2026-01-01  08:10:12.0,200.0,2.5479,0.2876,0.0
10,19,2026-01-01  08:10:48.0,200.0,2.5578,0.3235,0.0
10,19,2026-01-01  08:11:24.0,200.0,2.5769,0.3595,0.0
10,19,2026-01-01  08:12:00.0,200.0,2.5943,0.3954,0.0
10,19,2026-01-01  08:12:36.0,200.0,2.6141,0.4314,0.0
10,19,2026-01-01  08:13:12.0,200.0,2.6413,0.4673,0.0
10,19,2026-01-01  08:13:48.0,200.0,2.6645,0.5033,0.0
10,19,2026-01-01  08:14:24.0,200.0,2.7014,0.5392,0.0
10,19,2026-01-01  08:15:00.0,200.0,2.7402,0.5752,0.0
10,19,2026-01-01  08:15:36.0,200.0,2.7816,0.6111,0.0
10,19,2026-01-01  08:16:12.0,200.0,2.8302,0.6471,0.0
10,19,2026-01-01  08:16:48.0,200.0,2.8736,0.683,0.0
10,19,2026-01-01  08:17:24.0,200.0,2.9265,0.719,0.0
10,19,2026-01-01  08:18:00.0,200.0,2.9882,0.7549,0.0
10,19,2026-01-01  08:18:36.0,200.0,3.047,0.7909,0.0
10,19,2026-01-01  08:19:12.0,200.0,3.1107,0.8268,0.0
10,19,2026-01-01  08:19:48.0,200.0,3.1644,0.8628,0.0
10,19,2026-01-01  08:20:24.0,200.0,3.2164,0.8987,0.0
10,19,2026-01-01  08:21:00.0,200.0,3.2752,0.9346,0.0
10,19,2026-01-01  08:21:36.0,200.0,3.3205,0.9706,0.0
10,19,2026-01-01  08:22:12.0,200.0,3.3648,1.0065,0.0
10,19,2026-01-01  08:22:48.0,200.0,3.4189,1.0425,0.0
10,19,2026-01-01  08:23:24.0,200.0,3.4494,1.0784,0.0
10,19,2026-01-01  08:24:00.0,200.0,3.4834,1.1144,0.0
10,19,2026-01-01  08:24:36.0,200.0,3.5116,1.1503,0.0
10,19,2026-01-01  08:25:12.0,200.0,3.5401,1.1863,0.0
10,19,2026-01-01  08:25:48.0,200.0,3.5566,1.2222,0.0
10,19,2026-01-01  08:26:24.0,200.0,3.5774,1.2582,0.0
10,19,2026-01-01  08:27:00.0,200.0,3.5858,1.2941,0.0
10,19,2026-01-01  08:27:36.0,200.0,3.5974,1.3301,0.0
10,19,2026-01-01  08:28:12.0,200.0,3.6165,1.366,0.0
10,19,2026-01-01  08:28:48.0,200.0,3.6255,1.402,0.0
10,19,2026-01-01  08:29:24.0,200.0,3.63,1.4379,0.0
10,19,2026-01-01  08:30:00.0,200.0,3.6352,1.4739,0.0
10,19,2026-01-01  08:30:36.0,200.0,3.6401,1.5098,0.0
10,19,2026-01-01  08:31:12.0,200.0,3.6417,1.5458,0.0
10,19,2026-01-01  08:31:48.0,200.0,3.6518,1.5817,0.0
10,19,2026-01-01  08:32:24.0,200.0,3.652,1.6177,0.0
10,20,2026-01-01  08:33:00.0,-200.0,3.6487,0.0,0.0355
10,20,2026-01-01  08:33:36.0,-200.0,3.6449,0.0,0.071
10,20,2026-01-01  08:34:12.0,-200.0,3.6427,0.0,0.1065
10,20,2026-01-01  08:34:48.0,-200.0,3.6361,0.0,0.1421
10,20,2026-01-01  08:35:24.0,-200.0,3.6307,0.0,0.1776
10,20,2026-01-01  08:36:00.0,-200.0,3.6176,0.0,0.2131
10,20,2026-01-01  08:36:36.0,-200.0,3.6138,0.0,0.2486
10,20,2026-01-01  08:37:12.0,-200.0,3.6082,0.0,0.2841
10,20,2026-01-01  08:37:48.0,-200.0,3.5873,0.0,0.3196
10,20,2026-01-01  08:38:24.0,-200.0,3.5733,0.0,0.3552
10,20,2026-01-01  08:39:00.0,-200.0,3.5584,0.0,0.3907
10,20,2026-01-01  08:39:36.0,-200.0,3.5375,0.0,0.4262
10,20,2026-01-01  08:40:12.0,-200.0,3.5118,0.0,0.4617
10,20,2026-01-01  08:40:48.0,-200.0,3.4764,0.0,0.4972
10,20,2026-01-01  08:41:24.0,-200.0,3.4499,0.0,0.5327
10,20,2026-01-01  08:42:00.0,-200.0,3.4075,0.0,0.5683
10,20,2026-01-01  08:42:36.0,-200.0,3.3668,0.0,0.6038
10,20,2026-01-01  08:43:12.0,-200.0,3.3247,0.0,0.6393
10,20,2026-01-01  08:43:48.0,-200.0,3.2719,0.0,0.6748
10,20,2026-01-01  08:44:24.0,-200.0,3.2214,0.0,0.7103
10,20,2026-01-01  08:45:00.0,-200.0,3.172,0.0,0.7458
10,20,2026-01-01  08:45:36.0,-200.0,3.1067,0.0,0.7814
10,20,2026-01-01  08:46:12.0,-200.0,3.0478,0.0,0.8169
10,20,2026-01-01  08:46:48.0,-200.0,2.9848,0.0,0.8524
10,20,2026-01-01  08:47:24.0,-200.0,2.9291,0.0,0.8879
10,20,2026-01-01  08:48:00.0,-200.0,2.874,0.0,0.9234
10,20,2026-01-01  08:48:36.0,-200.0,2.8254,0.0,0.9589
10,20,2026-01-01  08:49:12.0,-200.0,2.7775,0.0,0.9945
10,20,2026-01-01  08:49:48.0,-200.0,2.7369,0.0,1.03
10,20,2026-01-01  08:50:24.0,-200.0,2.701,0.0,1.0655
10,20,2026-01-01  08:51:00.0,-200.0,2.6657,0.0,1.101
10,20,2026-01-01  08:51:36.0,-200.0,2.6358,0.0,1.1365
10,20,2026-01-01  08:52:12.0,-200.0,2.6113,0.0,1.172
10,20,2026-01-01  08:52:48.0,-200.0,2.5956,0.0,1.2076
10,20,2026-01-01  08:53:24.0,-200.0,2.5765,0.0,1.2431
10,20,2026-01-01  08:54:00.0,-200.0,2.5642,0.0,1.2786
10,20,2026-01-01  08:54:36.0,-200.0,2.5515,0.0,1.3141
10,20,2026-01-01  08:55:12.0,-200.0,2.5367,0.0,1.3496
10,20,2026-01-01  08:55:48.0,-200.0,2.5309,0.0,1.3851
10,20,2026-01-01  08:56:24.0,-200.0,2.5172,0.0,1.4207
10,20,2026-01-01  08:57:00.0,-200.0,2.5223,0.0,1.4562
10,20,2026-01-01  08:57:36.0,-200.0,2.514,0.0,1.4917
10,20,2026-01-01  08:58:12.0,-200.0,2.5056,0.0,1.5272
10,20,2026-01-01  08:58:48.0,-200.0,2.4993,0.0,1.5627
10,20,2026-01-01  08:59:24.0,-200.0,2.5011,0.0,1.5982
